Oración con Caracteres,Oración Limpia
"programación:2 El5 método7 de*5 cálculo:6 que? utiliza este método1 permite@ una2 mejor escalabilidad""3 de la imagen. Además5 de+1 esta escalabilidad se> incluye)5 la ventaja0 de] tener8 un^3 sistema de^3 puntos^6 y1 una| base0 de/ datos9 (PLC) muy%0 detallado.|0 También",programacin El mtodo de clculo que utiliza este mtodo permite una mejor escalabilidad de la imagen Adems de esta escalabilidad se incluye la ventaja de tener un sistema de puntos y una base de datos PLC muy detallado Tambin
"programación:%4 El=6 municipio#6 no se incluye-2 en6 ningún* distrito electoral, por"" lo|3 que# su forma(8 de gobierno no es unitaria0 y es3 la, división administrativa6 del=6 estado mexicano._ Se forman?6 por* el Presidente Municipal,} un/7 Síndico6 y8 dos7 Comisiones de, electoral.!7",programacin El municipio no se incluye en ningn distrito electoral por lo que su forma de gobierno no es unitaria y es la divisin administrativa del estado mexicano Se forman por el Presidente Municipal un Sndico y dos Comisiones de electoral
"programación: El sistema8 de votación,/5 que permite{6 los sistemas.0 de""2 escrutinio* mayoritario$ uninominales3 por_7 turnos,: tiene8 sus'6 orígenes4 en!8 el9 Código/ de=0 Procedimiento[ Penal^ de@1 Procedimiento% Penal de Inglaterra,4 en1 el/4 que'6 se estableció el0 modo/ de7 escrutinio^",programacin El sistema de votacin que permite los sistemas de escrutinio mayoritario uninominales por turnos tiene sus orgenes en el Cdigo de Procedimiento Penal de Procedimiento Penal de Inglaterra en el que se estableci el modo de escrutinio
"programación:8 Los9 estudios5 anteriores5 han demostrado6 la existencia de9 dos> estados de5 la síntesis de la[6 materia: El/8 efecto"" invernadero- en}7 la6 tierra. hace que6 la/2 energía5 no!8 se haya transformado.2 La2 temperatura0 media<4 que> entra; en< la atmósfera,/7 se-",programacin Los estudios anteriores han demostrado la existencia de dos estados de la sntesis de la materia El efecto invernadero en la tierra hace que la energa no se haya transformado La temperatura media que entra en la atmsfera se
"programación:)4 La| teoría de6 los1 sistemas planetarios%1 utiliza el% principio2 de necesidad#7 para la1 resolución1 de problemas de3 gran relevancia en=4 sistemas6 planetarios, como el sistema5 de[ propulsión mecánica.1 Los8 sistemas planetarios1 a] menudo)5 tienen: soluciones0 que=5 implican] la|7 existencia: de",programacin La teora de los sistemas planetarios utiliza el principio de necesidad para la resolucin de problemas de gran relevancia en sistemas planetarios como el sistema de propulsin mecnica Los sistemas planetarios a menudo tienen soluciones que implican la existencia de

Párrafo
"programación: 
El método de cálculo que utiliza este método permite una mejor escalabilidad de la imagen. Además de esta escalabilidad se incluye la ventaja de tener un sistema de puntos y una base de datos (PLC) muy detallado. También programación: 
El municipio no se incluye en ningún distrito electoral, por lo que su forma de gobierno no es unitaria y es la división administrativa del estado mexicano. Se forman por el Presidente Municipal, un Síndico y dos Comisiones de electoral. programación: 
El sistema de votación, que permite los sistemas de escrutinio mayoritario uninominales por turnos, tiene sus orígenes en el Código de Procedimiento Penal de Procedimiento Penal de Inglaterra, en el que se estableció el modo de escrutinio programación: 
Los estudios anteriores han demostrado la existencia de dos estados de la síntesis de la materia:


El efecto invernadero en la tierra hace que la energía no se haya transformado. La temperatura media que entra en la atmósfera, se programación: 
La teoría de los sistemas planetarios utiliza el principio de necesidad para la resolución de problemas de gran relevancia en sistemas planetarios, como el sistema de propulsión mecánica. Los sistemas planetarios a menudo tienen soluciones que implican la existencia de"
